Name,ID,StartYear,EndYear
Affinatti,kARu5JoAAAAJ,2021,
Anderson,,2000,
Apen,s-uRSoYAAAAJ,2024,
Aslan,OQcWVAoAAAAJ,2014,
Best,MS9xVqIAAAAJ,2016,
Biggs,zQTZixsAAAAJ,2021,
Byrnes,Tu_tGfwAAAAJ,2023,
Dickson,TZcEU1QAAAAJ,2014,2022
Erb,6w5ZNo4AAAAJ,2017,2025
Fegyveresi,y6CEvEMAAAAJ,2019,
Gaherty,uglQirIAAAAJ,2019,
Grimm,B0yY-3YAAAAJ,2014,2020
Haro,vECIU2QAAAAJ,2023,
Hoisch,7_cd6R4AAAAJ,2000,
Huntzinger,e4XX478AAAAJ,2011,
Johnson,vYs1mtEAAAAJ,2000,
Joyal,LUAnXfsAAAAJ,2012,
Kaufman,KpeykKsAAAAJ,2000,
Logan,,2022,
McKay,j8_CgoEAAAAJ,2013,
Mueller,brG-UpsAAAAJ,2008,
Nielsen,vAflpUkAAAAJ,2008,
Nowak,RLI2k1MAAAAJ,2017,
Parnell,IoVNx7IAAAAJ,2000,
Perry,eQIGxvsAAAAJ,2017,
Porter,VrFY4scAAAAJ,2014,
Radonic,eLQPg4oAAAAJ,2023,
Ranjan,UsiCVxYAAAAJ,2022,
Regalla,PdHBgEUAAAAJ,2019,
Reid,pg-HuIIAAAAJ,2003,
Routson,TQAQTl0AAAAJ,2017,
Rowe,NRUIqxcAAAAJ,2018,
Sample,JL2daQcAAAAJ,2003,
Sanford,mMGsnC8AAAAJ,2012,
Sankey,3zszVGYAAAAJ,2014,
Shillington,bDSq2ksAAAAJ,2019,
Sisk,2ZA_zeIAAAAJ,2000,
Smith,CBG7OuAAAAAJ,2014,
Smith-Konter,,2025,
Souther,zzM06IcAAAAJ,2017,
Springer,X53gmAQAAAAJ,2008,
Stuart,cc0d2WUAAAAJ,2012,
Tierney,mXXdXgYAAAAJ,2021,
Umhoefer,ZLMsh8MAAAAJ,2000,
Wasylenki,QVFkTAgAAAAJ,2018,